事前準備としてChatGPTに適当に生成してもらったテーブルとデータ(`13-0-generate.sql`)を作成する。これまで`SELECT`で使用してきたサブクエリや、結合、共通テーブル式などはテーブルの更新や削除にも使用することができる。以下のクエリではサブクエリを用いて2回以上注文したユーザーの名前に(vip)を付けている。
```
mysql> select * from users;
+----+---------+---------------------+---------------------+
| id | name    | email               | created_at          |
+----+---------+---------------------+---------------------+
|  1 | Alice   | alice@example.com   | 2025-03-09 14:30:35 |
|  2 | Bob     | bob@example.com     | 2025-03-09 14:30:35 |
|  3 | Charlie | charlie@example.com | 2025-03-09 14:30:35 |
|  4 | David   | david@example.com   | 2025-03-09 14:30:35 |
+----+---------+---------------------+---------------------+
4 rows in set (0.00 sec)

mysql> update users
    -> set name = concat(name, "(vip)")
    -> where id in (
    ->     select user_id from orders group by user_id HAVING COUNT(id) >= 2
    -> );
Query OK, 2 rows affected (0.02 sec)
Rows matched: 2  Changed: 2  Warnings: 0

mysql> select * from users;
+----+--------------+---------------------+---------------------+
| id | name         | email               | created_at          |
+----+--------------+---------------------+---------------------+
|  1 | Alice(vip)   | alice@example.com   | 2025-03-09 14:30:35 |
|  2 | Bob          | bob@example.com     | 2025-03-09 14:30:35 |
|  3 | Charlie(vip) | charlie@example.com | 2025-03-09 14:30:35 |
|  4 | David        | david@example.com   | 2025-03-09 14:30:35 |
+----+--------------+---------------------+---------------------+
```
[13.2.11.10 サブクエリーのエラー](https://dev.mysql.com/doc/refman/8.0/ja/subquery-errors.html)に記載されている通り、サブクエリを用いて`UPDATE`を行う場合、更新するテーブルと同じテーブルからサブクエリを作成するとエラーになるので注意する。以下のクエリではproductsテーブルから作部襟を作成し、productsテーブルを更新しようとしているのでエラーが出ている。このような処理をしたい場合は結合や共通テーブル式を利用する。
```
mysql> update products
    -> set price = price * 1.1
    -> where id = (
    ->     select id from products order by price desc limit 1
    -> );
ERROR 1093 (HY000): You can't specify target table 'products' for update in FROM clause
```
テーブルを結合してレコードを更新することもできる。以下のクエリではemailがalice@example.comであるユーザーの注文数を2倍にしている。
```
mysql> select * from orders
    -> join users on orders.user_id = users.id;
+----+---------+------------+----------+---------------------+----+--------------+---------------------+---------------------+
| id | user_id | product_id | quantity | order_date          | id | name         | email               | created_at          |
+----+---------+------------+----------+---------------------+----+--------------+---------------------+---------------------+
|  1 |       1 |          1 |        1 | 2024-03-01 10:00:00 |  1 | Alice(vip)   | alice@example.com   | 2025-03-09 14:30:35 |
|  2 |       1 |          2 |        2 | 2024-03-02 15:30:00 |  1 | Alice(vip)   | alice@example.com   | 2025-03-09 14:30:35 |
|  3 |       2 |          3 |        1 | 2024-03-03 12:00:00 |  2 | Bob          | bob@example.com     | 2025-03-09 14:30:35 |
|  4 |       3 |          1 |        1 | 2024-03-04 09:45:00 |  3 | Charlie(vip) | charlie@example.com | 2025-03-09 14:30:35 |
|  5 |       3 |          2 |        1 | 2024-03-05 14:20:00 |  3 | Charlie(vip) | charlie@example.com | 2025-03-09 14:30:35 |
+----+---------+------------+----------+---------------------+----+--------------+---------------------+---------------------+
5 rows in set (0.00 sec)

mysql> update orders
    -> join users on orders.user_id = users.id
    -> set orders.quantity = orders.quantity * 2
    -> where users.email = 'alice@example.com';
Query OK, 2 rows affected (0.01 sec)
Rows matched: 2  Changed: 2  Warnings: 0

mysql> select * from orders
    -> join users on orders.user_id = users.id;
+----+---------+------------+----------+---------------------+----+--------------+---------------------+---------------------+
| id | user_id | product_id | quantity | order_date          | id | name         | email               | created_at          |
+----+---------+------------+----------+---------------------+----+--------------+---------------------+---------------------+
|  1 |       1 |          1 |        2 | 2024-03-01 10:00:00 |  1 | Alice(vip)   | alice@example.com   | 2025-03-09 14:30:35 |
|  2 |       1 |          2 |        4 | 2024-03-02 15:30:00 |  1 | Alice(vip)   | alice@example.com   | 2025-03-09 14:30:35 |
|  3 |       2 |          3 |        1 | 2024-03-03 12:00:00 |  2 | Bob          | bob@example.com     | 2025-03-09 14:30:35 |
|  4 |       3 |          1 |        1 | 2024-03-04 09:45:00 |  3 | Charlie(vip) | charlie@example.com | 2025-03-09 14:30:35 |
|  5 |       3 |          2 |        1 | 2024-03-05 14:20:00 |  3 | Charlie(vip) | charlie@example.com | 2025-03-09 14:30:35 |
+----+---------+------------+----------+---------------------+----+--------------+---------------------+---------------------+
```
共通テーブル式を用いてレコードを更新することもできる。以下のクエリでは最も高い商品の値段を1.1倍にしている。
```
mysql> select * from products;
+----+------------+---------+
| id | name       | price   |
+----+------------+---------+
|  1 | Laptop     | 1500.00 |
|  2 | Smartphone |  800.00 |
|  3 | Tablet     |  600.00 |
+----+------------+---------+
3 rows in set (0.00 sec)

mysql> with max_product as (
    ->     select id from products where price = (select max(price) from products)
    -> )
    -> update products
    -> set price = price * 1.1
    -> where id in (select id from max_product);
Query OK, 1 row affected (0.02 sec)
Rows matched: 1  Changed: 1  Warnings: 0

mysql> select * from products;
+----+------------+---------+
| id | name       | price   |
+----+------------+---------+
|  1 | Laptop     | 1650.00 |
|  2 | Smartphone |  800.00 |
|  3 | Tablet     |  600.00 |
+----+------------+---------+
```
サブクエリ、結合、共通テーブル式は`INSERT`、`DELETE`と合わせても使用できる。ここでは共通テーブル式を合わせてを使用する。以下のクエリでは注文が1件もないユーザーをinactive_usersテーブルに挿入後、usersテーブルから削除している。ここでは行っていないが、実際には整合性を保つためにトランザクション内で実行するのが安全である。
```
mysql> select * from users;
+----+---------+---------------------+---------------------+
| id | name    | email               | created_at          |
+----+---------+---------------------+---------------------+
|  1 | Alice   | alice@example.com   | 2025-03-09 14:51:05 |
|  2 | Bob     | bob@example.com     | 2025-03-09 14:51:05 |
|  3 | Charlie | charlie@example.com | 2025-03-09 14:51:05 |
|  4 | David   | david@example.com   | 2025-03-09 14:51:05 |
+----+---------+---------------------+---------------------+
4 rows in set (0.00 sec)

mysql> select * from inactive_users;
Empty set (0.01 sec)


mysql> insert into inactive_users (id, name, email, created_at)
    -> with users_without_orders as (
    ->     select users.id, name, email, created_at from users
    ->     left join orders ON users.id = orders.user_id
    ->     where orders.id is null
    -> )
    -> select id, name, email, created_at from users_without_orders;
Query OK, 1 row affected (0.01 sec)
Records: 1  Duplicates: 0  Warnings: 0

mysql> with users_without_orders as (
    ->     select users.id from users
    ->     left join orders ON users.id = orders.user_id
    ->     where orders.id is null
    -> )
    -> delete from users
    -> where users.id in (select users_without_orders.id from users_without_orders);
Query OK, 1 row affected (0.00 sec)


mysql> select * from users; -- Davidが削除されている。
+----+---------+---------------------+---------------------+
| id | name    | email               | created_at          |
+----+---------+---------------------+---------------------+
|  1 | Alice   | alice@example.com   | 2025-03-09 14:51:05 |
|  2 | Bob     | bob@example.com     | 2025-03-09 14:51:05 |
|  3 | Charlie | charlie@example.com | 2025-03-09 14:51:05 |
+----+---------+---------------------+---------------------+
3 rows in set (0.00 sec)

mysql> select * from inactive_users; -- Davidが追加されている。
+----+-------+-------------------+---------------------+
| id | name  | email             | created_at          |
+----+-------+-------------------+---------------------+
|  4 | David | david@example.com | 2025-03-09 14:51:05 |
+----+-------+-------------------+---------------------+
```
