テーブルは9-1で準備したものをそのまま使用する。`CREATE TABLE`にサブクエリを付けることで、サブクエリで取得したデータを使用してテーブルを作成することができる。以下のクエリではHR部門の従業員のみを抜き出して新たなテーブル(hr_employees)を作成している。
```
mysql> create table hr_employees
    -> select * from employees
    -> where department_id = (
    ->     select id from departments
    ->     where name = "HR"
    -> );
Query OK, 1 row affected (0.11 sec)
Records: 1  Duplicates: 0  Warnings: 0

mysql> select * from hr_employees;
+----+---------+---------------+----------+------------+
| id | name    | department_id | salary   | hire_date  |
+----+---------+---------------+----------+------------+
|  3 | Charlie |             2 | 50000.00 | 2019-07-20 |
+----+---------+---------------+----------+------------+
1 row in set (0.00 sec)
```
この方法ではデータ構造は引き継がれるが、主キーなどの設定は引き継がれない。
```
mysql> describe hr_employees;
+---------------+---------------+------+-----+---------+-------+
| Field         | Type          | Null | Key | Default | Extra |
+---------------+---------------+------+-----+---------+-------+
| id            | int           | NO   |     | 0       |       |
| name          | varchar(100)  | NO   |     | NULL    |       |
| department_id | int           | YES  |     | NULL    |       |
| salary        | decimal(10,2) | YES  |     | NULL    |       |
| hire_date     | date          | YES  |     | NULL    |       |
+---------------+---------------+------+-----+---------+-------+
5 rows in set (0.01 sec)

mysql> describe employees;
+---------------+---------------+------+-----+---------+----------------+
| Field         | Type          | Null | Key | Default | Extra          |
+---------------+---------------+------+-----+---------+----------------+
| id            | int           | NO   | PRI | NULL    | auto_increment |
| name          | varchar(100)  | NO   |     | NULL    |                |
| department_id | int           | YES  | MUL | NULL    |                |
| salary        | decimal(10,2) | YES  |     | NULL    |                |
| hire_date     | date          | YES  |     | NULL    |                |
+---------------+---------------+------+-----+---------+----------------+
```

`INSERT INTO`にサブクエリを付けることで、サブクエリから取得したレコードを挿入することもできる。以下のクエリではDavidのdepartment_idをHRのものにし、給与を上げてhr_employeesテーブルに挿入している。
```
mysql> insert into hr_employees
    -> select id, name,
    -> (
    ->     select id from departments
    ->     where name = "HR"
    -> ),
    -> salary + 5000, hire_date
    -> from employees
    -> where name = "David";
Query OK, 1 row affected (0.02 sec)
Records: 1  Duplicates: 0  Warnings: 0

mysql> select * from hr_employees;
+----+---------+---------------+----------+------------+
| id | name    | department_id | salary   | hire_date  |
+----+---------+---------------+----------+------------+
|  3 | Charlie |             2 | 50000.00 | 2019-07-20 |
|  4 | David   |             2 | 60000.00 | 2021-01-10 |
+----+---------+---------------+----------+------------+
2 rows in set (0.00 sec)
```